{"cameraMode":{"drawMode":0,"name":"Shaded","section":"Shading Mode"},"sceneLighting":true,"audioPlay":false,"sceneViewState":{"m_AlwaysRefresh":false,"showFog":true,"showSkybox":true,"showFlares":true,"showImageEffects":true,"showParticleSystems":true,"showVisualEffectGraphs":true,"m_FxEnabled":true},"in2DMode":false,"pivot":{"x":-0.06733403354883194,"y":2.4388010501861574,"z":3.381319522857666},"rotation":{"x":0.00006602171924896538,"y":0.9757227301597595,"z":-0.21901987493038178,"w":0.0002933512441813946},"size":0.9498578310012817,"orthographic":false}