{"cameraMode":{"drawMode":0,"name":"Shaded","section":"Shading Mode"},"sceneLighting":false,"audioPlay":false,"sceneViewState":{"m_AlwaysRefresh":false,"showFog":true,"showSkybox":false,"showFlares":true,"showImageEffects":true,"showParticleSystems":true,"showVisualEffectGraphs":true,"m_FxEnabled":true},"in2DMode":false,"pivot":{"x":-0.17037424445152284,"y":0.08709616214036942,"z":0.020856045186519624},"rotation":{"x":-0.08681850135326386,"y":0.7795689702033997,"z":-0.11089847981929779,"w":-0.6102886199951172},"size":0.7088723182678223,"orthographic":false}