{"cameraMode":{"drawMode":0,"name":"Shaded","section":"Shading Mode"},"sceneLighting":false,"audioPlay":false,"sceneViewState":{"m_AlwaysRefresh":false,"showFog":true,"showSkybox":false,"showFlares":true,"showImageEffects":true,"showParticleSystems":true,"showVisualEffectGraphs":true,"m_FxEnabled":true},"in2DMode":false,"pivot":{"x":-3.0761830806732179,"y":0.18450354039669038,"z":0.037900447845458987},"rotation":{"x":0.11673694849014282,"y":-0.7000138759613037,"z":0.11762311309576035,"w":0.6946091055870056},"size":2.5799708366394045,"orthographic":false}